<?xml version="1.0" encoding="UTF-8"?>
<jcr:root xmlns:sling="http://sling.apache.org/jcr/sling/1.0" xmlns:cq="http://www.day.com/jcr/cq/1.0" xmlns:jcr="http://www.jcp.org/jcr/1.0" xmlns:nt="http://www.jcp.org/jcr/nt/1.0" xmlns:rep="internal"
    jcr:mixinTypes="[rep:AccessControllable]"
    jcr:primaryType="cq:Page">
    <rep:policy/>
    <re-wanderlust jcr:primaryType="nt:unstructured">
        <components jcr:primaryType="nt:unstructured">
            <form jcr:primaryType="nt:unstructured">
                <container jcr:primaryType="nt:unstructured">
                    <form-container
                        jcr:description="Allows the form components to be dropped into this core form container."
                        jcr:primaryType="nt:unstructured"
                        jcr:title="Global Content Form Policy"
                        sling:resourceType="wcm/core/components/policy/policy"
                        components="[/apps/re-wanderlust/components/form/button,/apps/re-wanderlust/components/form/hidden,/apps/re-wanderlust/components/form/options,/apps/re-wanderlust/components/form/text]">
                        <jcr:content jcr:primaryType="nt:unstructured"/>
                        <cq:styleGroups jcr:primaryType="nt:unstructured">
                            <item0
                                cq:styleGroupLabel="Variants"
                                jcr:primaryType="nt:unstructured">
                                <cq:styles jcr:primaryType="nt:unstructured">
                                    <item0
                                        cq:styleClasses="form_v1"
                                        cq:styleId="1659942324015"
                                        cq:styleLabel="Variant 1"
                                        jcr:primaryType="nt:unstructured"/>
                                </cq:styles>
                            </item0>
                        </cq:styleGroups>
                    </form-container>
                </container>
            </form>
            <languagenavigation jcr:primaryType="nt:unstructured">
                <policy_xfm
                    jcr:primaryType="nt:unstructured"
                    jcr:title="RE Wanderlust Language Navigation - Experience Fragment"
                    sling:resourceType="wcm/core/components/policy/policy"
                    navigationRoot="/content/re-wanderlust"
                    structureDepth="1">
                    <jcr:content jcr:primaryType="nt:unstructured"/>
                </policy_xfm>
            </languagenavigation>
            <image jcr:primaryType="nt:unstructured">
                <policy_651483963895698
                    jcr:description="- Enable lazy loading for faster page loading.&#xd;&#xa;- Define allowed image widths for automatic loading of the image in the most optimal resolution, given the size at which each image is displayed on the page, and the visitor's pixel density.&#xd;&#xa;- Disallow direct asset upload, to force authors to first upload the images to Assets."
                    jcr:primaryType="nt:unstructured"
                    jcr:title="Content Image"
                    sling:resourceType="wcm/core/components/policy/policy"
                    allowedRenditionWidths="[320,480,600,800,1024,1200,1600]"
                    allowUpload="false"
                    altValueFromDAM="true"
                    disableLazyLoading="false"
                    displayPopupTitle="true"
                    isDecorative="false"
                    jpegQuality="{Long}85"
                    titleValueFromDAM="true"
                    uuidDisabled="true">
                    <jcr:content jcr:primaryType="nt:unstructured"/>
                    <plugins jcr:primaryType="nt:unstructured">
                        <crop
                            jcr:primaryType="nt:unstructured"
                            features="*">
                            <aspectRatios jcr:primaryType="nt:unstructured">
                                <item0
                                    jcr:primaryType="nt:unstructured"
                                    name="Wide Landscape"
                                    ratio="0.6180"/>
                                <item1
                                    jcr:primaryType="nt:unstructured"
                                    name="Landscape"
                                    ratio="0.8284"/>
                                <item2
                                    jcr:primaryType="nt:unstructured"
                                    name="Square"
                                    ratio="1"/>
                                <item3
                                    jcr:primaryType="nt:unstructured"
                                    name="Portrait"
                                    ratio="1.6180"/>
                            </aspectRatios>
                        </crop>
                        <rotate
                            jcr:primaryType="nt:unstructured"
                            features="right"/>
                        <flip
                            jcr:primaryType="nt:unstructured"
                            features="-"/>
                    </plugins>
                </policy_651483963895698>
            </image>
            <text jcr:primaryType="nt:unstructured">
                <policy_641562756958017
                    jcr:primaryType="nt:unstructured"
                    jcr:title="Global Text Policy"
                    sling:resourceType="wcm/core/components/policy/policy">
                    <jcr:content jcr:primaryType="nt:unstructured"/>
                    <rtePlugins jcr:primaryType="nt:unstructured">
                        <paraformat
                            jcr:primaryType="nt:unstructured"
                            features="*">
                            <formats
                                jcr:primaryType="nt:unstructured"
                                override="true">
                                <item0
                                    jcr:primaryType="nt:unstructured"
                                    description="Paragraph"
                                    tag="p"/>
                                <item1
                                    jcr:primaryType="nt:unstructured"
                                    description="Quote"
                                    tag="blockquote"/>
                                <item2
                                    jcr:primaryType="nt:unstructured"
                                    description="Preformatted"
                                    tag="pre"/>
                            </formats>
                        </paraformat>
                        <misctools
                            jcr:primaryType="nt:unstructured"
                            features="-">
                            <specialCharsConfig jcr:primaryType="nt:unstructured">
                                <chars
                                    jcr:primaryType="nt:unstructured"
                                    override="true">
                                    <item0
                                        jcr:primaryType="nt:unstructured"
                                        entity="&amp;copy;"
                                        name="copyright"/>
                                    <item1
                                        jcr:primaryType="nt:unstructured"
                                        entity="&amp;euro;"
                                        name="euro"/>
                                    <item2
                                        jcr:primaryType="nt:unstructured"
                                        entity="&amp;reg;"
                                        name="registered"/>
                                    <item3
                                        jcr:primaryType="nt:unstructured"
                                        entity="&amp;trade;"
                                        name="trademark"/>
                                </chars>
                            </specialCharsConfig>
                        </misctools>
                        <edit
                            jcr:primaryType="nt:unstructured"
                            features="-"/>
                        <findreplace
                            jcr:primaryType="nt:unstructured"
                            features="-"/>
                        <undo
                            jcr:primaryType="nt:unstructured"
                            features="-"/>
                        <spellcheck
                            jcr:primaryType="nt:unstructured"
                            features="-"/>
                        <image
                            jcr:primaryType="nt:unstructured"
                            features="-"/>
                        <table
                            jcr:primaryType="nt:unstructured"
                            features="-"/>
                        <lists
                            jcr:primaryType="nt:unstructured"
                            features="*"/>
                        <justify
                            jcr:primaryType="nt:unstructured"
                            features="-"/>
                        <format
                            jcr:primaryType="nt:unstructured"
                            features="bold,italic"/>
                        <links
                            jcr:primaryType="nt:unstructured"
                            features="-"/>
                        <subsuperscript
                            jcr:primaryType="nt:unstructured"
                            features="-"/>
                    </rtePlugins>
                    <cq:styleGroups jcr:primaryType="nt:unstructured">
                        <item0
                            cq:styleGroupLabel="Variants"
                            jcr:primaryType="nt:unstructured">
                            <cq:styles jcr:primaryType="nt:unstructured">
                                <item0
                                    cq:styleClasses="text_center_v1"
                                    cq:styleId="1659935092393"
                                    cq:styleLabel="Text Center"
                                    jcr:primaryType="nt:unstructured"/>
                            </cq:styles>
                        </item0>
                    </cq:styleGroups>
                </policy_641562756958017>
            </text>
            <title jcr:primaryType="nt:unstructured">
                <policy_641475696923109
                    jcr:description="Allows only H1 and disallows links for the main page title."
                    jcr:primaryType="nt:unstructured"
                    jcr:title="Page Title"
                    sling:resourceType="wcm/core/components/policy/policy"
                    allowedTypes="h1"
                    linkDisabled="true"
                    type="h1">
                    <jcr:content jcr:primaryType="nt:unstructured"/>
                </policy_641475696923109>
                <policy_641528232375303
                    jcr:description="Allows all sizes, but not H1, which is reserved for the main page title."
                    jcr:primaryType="nt:unstructured"
                    jcr:title="Content Title"
                    sling:resourceType="wcm/core/components/policy/policy"
                    allowedTypes="[h2,h3,h4,h5,h6]"
                    linkDisabled="false"
                    type="h2">
                    <jcr:content jcr:primaryType="nt:unstructured"/>
                </policy_641528232375303>
                <policy_1659702186579
                    jcr:primaryType="nt:unstructured"
                    jcr:title="Global Title Policy"
                    sling:resourceType="wcm/core/components/policy/policy"
                    allowedTypes="[h1,h2,h3,h4,h5,h6]"
                    linkDisabled="false"
                    type="h1">
                    <jcr:content jcr:primaryType="nt:unstructured"/>
                    <cq:styleGroups jcr:primaryType="nt:unstructured">
                        <item0
                            cq:styleGroupLabel="Variants"
                            jcr:primaryType="nt:unstructured">
                            <cq:styles jcr:primaryType="nt:unstructured">
                                <item0
                                    cq:styleClasses="title__v1"
                                    cq:styleId="1659702202863"
                                    cq:styleLabel="Title white BG"
                                    jcr:primaryType="nt:unstructured"/>
                                <item1
                                    cq:styleClasses="title__v2"
                                    cq:styleId="1659702332817"
                                    cq:styleLabel="Title FAQ"
                                    jcr:primaryType="nt:unstructured"/>
                                <item2
                                    cq:styleClasses="title__v3"
                                    cq:styleId="1662711499866"
                                    cq:styleLabel="Title black BG"
                                    jcr:primaryType="nt:unstructured"/>
                                <item3
                                    cq:styleClasses="title__v4"
                                    cq:styleId="1663928341988"
                                    cq:styleLabel="Title self guided trips"
                                    jcr:primaryType="nt:unstructured"/>
                            </cq:styles>
                        </item0>
                        <item1
                            cq:styleGroupLabel="Alignment"
                            jcr:primaryType="nt:unstructured">
                            <cq:styles jcr:primaryType="nt:unstructured">
                                <item0
                                    cq:styleClasses="title__left"
                                    cq:styleId="1663928382575"
                                    cq:styleLabel="Title Left align"
                                    jcr:primaryType="nt:unstructured"/>
                                <item1
                                    cq:styleClasses="title__right"
                                    cq:styleId="1663928383274"
                                    cq:styleLabel="Title Right align"
                                    jcr:primaryType="nt:unstructured"/>
                                <item2
                                    cq:styleClasses="title__center"
                                    cq:styleId="1663928383958"
                                    cq:styleLabel="Title Center align"
                                    jcr:primaryType="nt:unstructured"/>
                            </cq:styles>
                        </item1>
                    </cq:styleGroups>
                </policy_1659702186579>
            </title>
            <experiencefragment jcr:primaryType="nt:unstructured">
                <policy_header
                    cq:styleDefaultElement="header"
                    jcr:description="Sets a &lt;header> element on the page header experience fragment."
                    jcr:primaryType="nt:unstructured"
                    jcr:title="Page Header"
                    sling:resourceType="wcm/core/components/policy/policy">
                    <jcr:content jcr:primaryType="nt:unstructured"/>
                </policy_header>
                <policy_footer
                    cq:styleDefaultElement="footer"
                    jcr:description="Sets a &lt;footer> element on the page footer experience fragment."
                    jcr:primaryType="nt:unstructured"
                    jcr:title="Page Footer"
                    sling:resourceType="wcm/core/components/policy/policy">
                    <jcr:content jcr:primaryType="nt:unstructured"/>
                </policy_footer>
            </experiencefragment>
            <container jcr:primaryType="nt:unstructured">
                <policy_1574694950110
                    jcr:description="Allows the template components and defines the component mapping (this configures what components should be automatically created when authors drop assets from the content finder to the page editor)."
                    jcr:primaryType="nt:unstructured"
                    jcr:title="Page Root"
                    sling:resourceType="wcm/core/components/policy/policy"
                    components="[group:RE Wanderlust - Content,/apps/re-wanderlust/components/form/container,group:RE Wanderlust - Structure]"
                    layoutDisabled="false">
                    <jcr:content jcr:primaryType="nt:unstructured"/>
                    <cq:authoring jcr:primaryType="nt:unstructured">
                        <assetToComponentMapping jcr:primaryType="nt:unstructured">
                            <mapping_1575024218483
                                jcr:primaryType="nt:unstructured"
                                assetGroup="media"
                                assetMimetype="image/*"
                                droptarget="image"
                                resourceType="re-wanderlust/components/image"/>
                            <mapping_1575030843388
                                jcr:primaryType="nt:unstructured"
                                assetGroup="content"
                                assetMimetype="text/html"
                                droptarget="experiencefragment"
                                resourceType="re-wanderlust/components/experiencefragment"/>
                            <mapping_1575030853128
                                jcr:primaryType="nt:unstructured"
                                assetGroup="media"
                                assetMimetype="[text/html,application/vnd.adobe.contentfragment]"
                                droptarget="contentfragment"
                                resourceType="re-wanderlust/components/contentfragment"/>
                        </assetToComponentMapping>
                    </cq:authoring>
                </policy_1574694950110>
                <policy_1574695586800
                    jcr:description="Allows the page components and defines the component mapping (this configures what components should be automatically created when authors drop assets from the content finder to the page editor)."
                    jcr:primaryType="nt:unstructured"
                    jcr:title="Page Content"
                    sling:resourceType="wcm/core/components/policy/policy"
                    components="[group:RE Wanderlust - Content,/apps/re-wanderlust/components/form/container]">
                    <jcr:content jcr:primaryType="nt:unstructured"/>
                    <cq:authoring jcr:primaryType="nt:unstructured">
                        <assetToComponentMapping jcr:primaryType="nt:unstructured">
                            <mapping_1575030255082
                                jcr:primaryType="nt:unstructured"
                                assetGroup="media"
                                assetMimetype="image/*"
                                droptarget="image"
                                resourceType="re-wanderlust/components/image"/>
                            <mapping_1575030260142
                                jcr:primaryType="nt:unstructured"
                                assetGroup="content"
                                assetMimetype="text/html"
                                droptarget="experiencefragment"
                                resourceType="re-wanderlust/components/experiencefragment"/>
                            <mapping_1575030269139
                                jcr:primaryType="nt:unstructured"
                                assetGroup="media"
                                assetMimetype="[text/html,application/vnd.adobe.contentfragment]"
                                droptarget="contentfragment"
                                resourceType="re-wanderlust/components/contentfragment"/>
                        </assetToComponentMapping>
                    </cq:authoring>
                </policy_1574695586800>
                <policy_649128221558427
                    cq:styleDefaultElement="main"
                    jcr:description="Sets a &lt;main> element on the page content area."
                    jcr:primaryType="nt:unstructured"
                    jcr:title="Page Main"
                    sling:resourceType="wcm/core/components/policy/policy">
                    <jcr:content jcr:primaryType="nt:unstructured"/>
                </policy_649128221558427>
                <policy_1575040440977
                    jcr:description="Allows the template components and defines the component mapping (this configures what components should be automatically created when authors drop assets from the content finder to the page editor)."
                    jcr:primaryType="nt:unstructured"
                    jcr:title="XF Root"
                    sling:resourceType="wcm/core/components/policy/policy"
                    components="[group:RE Wanderlust - Content,/apps/re-wanderlust/components/form/container]">
                    <jcr:content jcr:primaryType="nt:unstructured"/>
                    <cq:authoring jcr:primaryType="nt:unstructured">
                        <assetToComponentMapping jcr:primaryType="nt:unstructured">
                            <mapping_1575024218483
                                jcr:primaryType="nt:unstructured"
                                assetGroup="media"
                                assetMimetype="image/*"
                                droptarget="image"
                                resourceType="re-wanderlust/components/image"/>
                            <mapping_1575030843388
                                jcr:primaryType="nt:unstructured"
                                assetGroup="content"
                                assetMimetype="text/html"
                                droptarget="experiencefragment"
                                resourceType="re-wanderlust/components/experiencefragment"/>
                            <mapping_1575030853128
                                jcr:primaryType="nt:unstructured"
                                assetGroup="media"
                                assetMimetype="[text/html,application/vnd.adobe.contentfragment]"
                                droptarget="contentfragment"
                                resourceType="re-wanderlust/components/contentfragment"/>
                        </assetToComponentMapping>
                    </cq:authoring>
                </policy_1575040440977>
                <policy_1659435973273
                    jcr:primaryType="nt:unstructured"
                    jcr:title="Global Container Policy"
                    sling:resourceType="wcm/core/components/policy/policy"
                    allowedColorSwatches="[,rgb(0\,0\,9),rgb(0\,137\,255),rgb(57\,204\,149),rgb(255\,255\,255),rgb(234\,71\,127),rgb(109\,62\,0)]"
                    backgroundColorEnabled="true"
                    backgroundColorSwatchesOnly="true"
                    backgroundImageEnabled="true"
                    components="[group:General,group:RE Wanderlust - Content,group:RE Wanderlust - Form,group:RE Wanderlust - Structure]"
                    layoutDisabled="false">
                    <jcr:content jcr:primaryType="nt:unstructured"/>
                    <cq:styleGroups jcr:primaryType="nt:unstructured">
                        <item0
                            cq:styleGroupLabel="Width"
                            jcr:primaryType="nt:unstructured">
                            <cq:styles jcr:primaryType="nt:unstructured">
                                <item0
                                    cq:styleClasses="container__full-width"
                                    cq:styleId="1659436012557"
                                    cq:styleLabel="Full Width"
                                    jcr:primaryType="nt:unstructured"/>
                            </cq:styles>
                        </item0>
                        <item1
                            cq:styleGroupLabel="Variant"
                            jcr:primaryType="nt:unstructured">
                            <cq:styles jcr:primaryType="nt:unstructured">
                                <item0
                                    cq:styleClasses="container__teaser-v1"
                                    cq:styleId="1659436161843"
                                    cq:styleLabel="Teaser V1 Container"
                                    jcr:primaryType="nt:unstructured"/>
                                <item1
                                    cq:styleClasses="container__faq-contact"
                                    cq:styleId="1659547227861"
                                    cq:styleLabel="Teaser Faq Contact us"
                                    jcr:primaryType="nt:unstructured"/>
                                <item2
                                    cq:styleClasses="container__tabs-v1"
                                    cq:styleId="1659599132656"
                                    cq:styleLabel="Tabs V1 Container"
                                    jcr:primaryType="nt:unstructured"/>
                                <item3
                                    cq:styleClasses="container__tabs-v2"
                                    cq:styleId="1659616910368"
                                    cq:styleLabel="Tabs V2 Container"
                                    jcr:primaryType="nt:unstructured"/>
                                <item4
                                    cq:styleClasses="container__accordian-v1"
                                    cq:styleId="1659682716326"
                                    cq:styleLabel="Accordian V1 Container"
                                    jcr:primaryType="nt:unstructured"/>
                                <item5
                                    cq:styleClasses="container__title-v1"
                                    cq:styleId="1659702935028"
                                    cq:styleLabel="Title V1 Container"
                                    jcr:primaryType="nt:unstructured"/>
                                <item6
                                    cq:styleClasses="container__text-v1"
                                    cq:styleId="1659935165172"
                                    cq:styleLabel="Text V1 Container"
                                    jcr:primaryType="nt:unstructured"/>
                                <item7
                                    cq:styleClasses="container__teaser-v2"
                                    cq:styleId="1659936306168"
                                    cq:styleLabel="Teaser V2 Container"
                                    jcr:primaryType="nt:unstructured"/>
                                <item8
                                    cq:styleClasses="container__breadcrumb-v1"
                                    cq:styleId="1659939287113"
                                    cq:styleLabel="Breadcrumb Container"
                                    jcr:primaryType="nt:unstructured"/>
                                <item9
                                    cq:styleClasses="container__form-v1"
                                    cq:styleId="1659942719080"
                                    cq:styleLabel="Form V1 Container"
                                    jcr:primaryType="nt:unstructured"/>
                                <item10
                                    cq:styleClasses="container__teaser-v5"
                                    cq:styleId="1662711331591"
                                    cq:styleLabel="Teaser V5 Container"
                                    jcr:primaryType="nt:unstructured"/>
                                <item11
                                    cq:styleClasses="container__sgt-bg"
                                    cq:styleId="1665128687391"
                                    cq:styleLabel="Self guided trip container"
                                    jcr:primaryType="nt:unstructured"/>
                                <item12
                                    cq:styleClasses="container__itinerary"
                                    cq:styleId="1665404395315"
                                    cq:styleLabel="Ride Detail Itinerary Container"
                                    jcr:primaryType="nt:unstructured"/>
                                <item13
                                    cq:styleClasses="container_secondary_header"
                                    cq:styleId="1665564369664"
                                    cq:styleLabel="Secondary Header Container"
                                    jcr:primaryType="nt:unstructured"/>
                                <item14
                                    cq:styleClasses="container__experiences"
                                    cq:styleId="1667289193816"
                                    cq:styleLabel="Experiences Container"
                                    jcr:primaryType="nt:unstructured"/>
                                <item15
                                    cq:styleClasses="self-guided-trip__sticky-panel"
                                    cq:styleId="1667634650964"
                                    cq:styleLabel="Self guided detail sticky container"
                                    jcr:primaryType="nt:unstructured"/>
                                <item16
                                    cq:styleClasses="self-guided-trip__sticky-panel-floating"
                                    cq:styleId="1668581976929"
                                    cq:styleLabel="Floaing Button Sticky Policy"
                                    jcr:primaryType="nt:unstructured"/>
                            </cq:styles>
                        </item1>
                        <item2
                            cq:styleGroupLabel="bg dark"
                            jcr:primaryType="nt:unstructured">
                            <cq:styles jcr:primaryType="nt:unstructured">
                                <item0
                                    cq:styleClasses="bg-dark"
                                    cq:styleId="1662711411334"
                                    cq:styleLabel="bg dark"
                                    jcr:primaryType="nt:unstructured"/>
                                <item1
                                    cq:styleClasses="bg-dark-black"
                                    cq:styleId="1667279963135"
                                    cq:styleLabel="bg dark black"
                                    jcr:primaryType="nt:unstructured"/>
                            </cq:styles>
                        </item2>
                        <item3
                            cq:styleGroupLabel="spacing"
                            cq:styleGroupMultiple="true"
                            jcr:primaryType="nt:unstructured">
                            <cq:styles jcr:primaryType="nt:unstructured">
                                <item0
                                    cq:styleClasses="container__pt-80"
                                    cq:styleId="1663156799252"
                                    cq:styleLabel="container padding top"
                                    jcr:primaryType="nt:unstructured"/>
                                <item1
                                    cq:styleClasses="container__pb-80"
                                    cq:styleId="1663156807741"
                                    cq:styleLabel="container padding bottom"
                                    jcr:primaryType="nt:unstructured"/>
                            </cq:styles>
                        </item3>
                    </cq:styleGroups>
                </policy_1659435973273>
                <policy_1660033179699
                    jcr:primaryType="nt:unstructured"
                    jcr:title="Base Page Template Policy"
                    sling:resourceType="wcm/core/components/policy/policy"
                    components="[group:General,group:RE Wanderlust - Content,group:RE Wanderlust - Form,group:RE Wanderlust - Structure]"
                    layoutDisabled="false">
                    <jcr:content jcr:primaryType="nt:unstructured"/>
                </policy_1660033179699>
                <policy_1662703182304
                    jcr:primaryType="nt:unstructured"
                    jcr:title="Detail Page Template Policy"
                    sling:resourceType="wcm/core/components/policy/policy"
                    components="[group:General,group:RE Wanderlust - Content,group:RE Wanderlust - Form,group:RE Wanderlust - Structure]"
                    layoutDisabled="false">
                    <jcr:content jcr:primaryType="nt:unstructured"/>
                </policy_1662703182304>
            </container>
            <teaser jcr:primaryType="nt:unstructured">
                <policy_1575031387650
                    jcr:description="Sets the title size to H3."
                    jcr:primaryType="nt:unstructured"
                    jcr:title="Content Teaser"
                    sling:resourceType="wcm/core/components/policy/policy"
                    titleType="h3">
                    <jcr:content jcr:primaryType="nt:unstructured"/>
                </policy_1575031387650>
                <policy_1659433237461
                    jcr:primaryType="nt:unstructured"
                    jcr:title="Global Teaser Policy"
                    sling:resourceType="wcm/core/components/policy/policy"
                    showTitleType="true">
                    <jcr:content jcr:primaryType="nt:unstructured"/>
                    <cq:styleGroups jcr:primaryType="nt:unstructured">
                        <item0
                            cq:styleGroupLabel="Variants"
                            jcr:primaryType="nt:unstructured">
                            <cq:styles jcr:primaryType="nt:unstructured">
                                <item0
                                    cq:styleClasses="teaser__v1"
                                    cq:styleId="1659433413554"
                                    cq:styleLabel="Variant 1"
                                    jcr:primaryType="nt:unstructured"/>
                                <item1
                                    cq:styleClasses="teaser__v2"
                                    cq:styleId="1659433425166"
                                    cq:styleLabel="Variant 2"
                                    jcr:primaryType="nt:unstructured"/>
                                <item2
                                    cq:styleClasses="teaser__v4"
                                    cq:styleId="1659936329974"
                                    cq:styleLabel="Variant 4"
                                    jcr:primaryType="nt:unstructured"/>
                                <item3
                                    cq:styleClasses="teaser__v5"
                                    cq:styleId="1662711443664"
                                    cq:styleLabel="Variant 5"
                                    jcr:primaryType="nt:unstructured"/>
                                <item4
                                    cq:styleClasses="teaser__v6"
                                    cq:styleId="1662711444742"
                                    cq:styleLabel="Variant 6"
                                    jcr:primaryType="nt:unstructured"/>
                            </cq:styles>
                        </item0>
                    </cq:styleGroups>
                </policy_1659433237461>
            </teaser>
            <download jcr:primaryType="nt:unstructured">
                <policy_1575032193319
                    jcr:description="Sets the title size to H3."
                    jcr:primaryType="nt:unstructured"
                    jcr:title="Content Download"
                    sling:resourceType="wcm/core/components/policy/policy"
                    allowUpload="false"
                    displayFilename="true"
                    displayFormat="true"
                    displaySize="true"
                    titleType="h3">
                    <jcr:content jcr:primaryType="nt:unstructured"/>
                </policy_1575032193319>
            </download>
            <page jcr:primaryType="nt:unstructured">
                <policy
                    jcr:description="Includes the required client libraries."
                    jcr:primaryType="nt:unstructured"
                    jcr:title="Generic Page"
                    sling:resourceType="wcm/core/components/policy/policy"
                    clientlibs="[re-wanderlust.dependencies,re-wanderlust.site]"
                    clientlibsJsHead="re-wanderlust.dependencies">
                    <jcr:content jcr:primaryType="nt:unstructured"/>
                </policy>
            </page>
            <button jcr:primaryType="nt:unstructured">
                <policy_1659590596553
                    jcr:primaryType="nt:unstructured"
                    jcr:title="Global Button Policy"
                    sling:resourceType="wcm/core/components/policy/policy">
                    <jcr:content jcr:primaryType="nt:unstructured"/>
                    <cq:styleGroups jcr:primaryType="nt:unstructured">
                        <item0
                            cq:styleGroupLabel="Variants"
                            jcr:primaryType="nt:unstructured">
                            <cq:styles jcr:primaryType="nt:unstructured">
                                <item0
                                    cq:styleClasses="button__v1"
                                    cq:styleId="1659590618560"
                                    cq:styleLabel="Button V1"
                                    jcr:primaryType="nt:unstructured"/>
                                <item1
                                    cq:styleClasses="button__v2"
                                    cq:styleId="1659590627750"
                                    cq:styleLabel="Button V2"
                                    jcr:primaryType="nt:unstructured"/>
                                <item2
                                    cq:styleClasses="button__primary"
                                    cq:styleId="1662711817688"
                                    cq:styleLabel="Button Primary"
                                    jcr:primaryType="nt:unstructured"/>
                                <item3
                                    cq:styleClasses="button__white"
                                    cq:styleId="1662711830559"
                                    cq:styleLabel="Button White"
                                    jcr:primaryType="nt:unstructured"/>
                                <item4
                                    cq:styleClasses="button__white-link"
                                    cq:styleId="1662711831617"
                                    cq:styleLabel="Button as White Link"
                                    jcr:primaryType="nt:unstructured"/>
                                <item5
                                    cq:styleClasses="button__white-outline"
                                    cq:styleId="1662711857452"
                                    cq:styleLabel="Button with white outline"
                                    jcr:primaryType="nt:unstructured"/>
                                <item6
                                    cq:styleClasses="button__facebook"
                                    cq:styleId="1662711877358"
                                    cq:styleLabel="Button Facebook"
                                    jcr:primaryType="nt:unstructured"/>
                                <item7
                                    cq:styleClasses="button__google"
                                    cq:styleId="1662711904437"
                                    cq:styleLabel="Button Google"
                                    jcr:primaryType="nt:unstructured"/>
                                <item8
                                    cq:styleClasses="button__twitter"
                                    cq:styleId="1662711913800"
                                    cq:styleLabel="Button Twitter"
                                    jcr:primaryType="nt:unstructured"/>
                                <item9
                                    cq:styleClasses="button__status"
                                    cq:styleId="1662711914474"
                                    cq:styleLabel="Button Status"
                                    jcr:primaryType="nt:unstructured"/>
                                <item10
                                    cq:styleClasses="button__v3"
                                    cq:styleId="1662711915193"
                                    cq:styleLabel="Button V3"
                                    jcr:primaryType="nt:unstructured"/>
                            </cq:styles>
                        </item0>
                        <item1
                            cq:styleGroupLabel="Size"
                            jcr:primaryType="nt:unstructured">
                            <cq:styles jcr:primaryType="nt:unstructured">
                                <item0
                                    cq:styleClasses="button__w-auto"
                                    cq:styleId="1662712002596"
                                    cq:styleLabel="Auto"
                                    jcr:primaryType="nt:unstructured"/>
                            </cq:styles>
                        </item1>
                        <item2
                            cq:styleGroupLabel="Alignment"
                            jcr:primaryType="nt:unstructured">
                            <cq:styles jcr:primaryType="nt:unstructured">
                                <item0
                                    cq:styleClasses="text-start"
                                    cq:styleId="1662712053533"
                                    cq:styleLabel="Left"
                                    jcr:primaryType="nt:unstructured"/>
                                <item1
                                    cq:styleClasses="text-end"
                                    cq:styleId="1662712061178"
                                    cq:styleLabel="Right"
                                    jcr:primaryType="nt:unstructured"/>
                            </cq:styles>
                        </item2>
                    </cq:styleGroups>
                </policy_1659590596553>
            </button>
            <tabs jcr:primaryType="nt:unstructured">
                <policy_1659596112947
                    jcr:primaryType="nt:unstructured"
                    jcr:title="Global Tab Policy"
                    sling:resourceType="wcm/core/components/policy/policy">
                    <jcr:content jcr:primaryType="nt:unstructured"/>
                    <cq:styleGroups jcr:primaryType="nt:unstructured">
                        <item0
                            cq:styleGroupLabel="Variants"
                            jcr:primaryType="nt:unstructured">
                            <cq:styles jcr:primaryType="nt:unstructured">
                                <item0
                                    cq:styleClasses="tabs__v1"
                                    cq:styleId="1659596142068"
                                    cq:styleLabel="Variant 1"
                                    jcr:primaryType="nt:unstructured"/>
                                <item1
                                    cq:styleClasses="tabs__v2"
                                    cq:styleId="1659682632233"
                                    cq:styleLabel="Variant 2"
                                    jcr:primaryType="nt:unstructured"/>
                            </cq:styles>
                        </item0>
                    </cq:styleGroups>
                </policy_1659596112947>
            </tabs>
            <accordion jcr:primaryType="nt:unstructured">
                <policy_1659617128895
                    jcr:primaryType="nt:unstructured"
                    jcr:title="Global Accordian Policy"
                    sling:resourceType="wcm/core/components/policy/policy"
                    allowedHeadingElements="[h2,h3,h4,h5,h6]"
                    headingElement="h3">
                    <jcr:content jcr:primaryType="nt:unstructured"/>
                    <cq:styleGroups jcr:primaryType="nt:unstructured">
                        <item0
                            cq:styleGroupLabel="Variants"
                            jcr:primaryType="nt:unstructured">
                            <cq:styles jcr:primaryType="nt:unstructured">
                                <item0
                                    cq:styleClasses="accordion__v1"
                                    cq:styleId="1659617161866"
                                    cq:styleLabel="Variant 1"
                                    jcr:primaryType="nt:unstructured"/>
                            </cq:styles>
                        </item0>
                    </cq:styleGroups>
                </policy_1659617128895>
            </accordion>
            <breadcrumb jcr:primaryType="nt:unstructured">
                <policy_1659939383187
                    jcr:primaryType="nt:unstructured"
                    jcr:title="Global Breadcrumb Policy"
                    sling:resourceType="wcm/core/components/policy/policy"
                    disableShadowing="false"
                    hideCurrent="false"
                    showHidden="false"
                    startLevel="2">
                    <jcr:content jcr:primaryType="nt:unstructured"/>
                    <cq:styleGroups jcr:primaryType="nt:unstructured">
                        <item0
                            cq:styleGroupLabel="Variants"
                            jcr:primaryType="nt:unstructured">
                            <cq:styles jcr:primaryType="nt:unstructured">
                                <item0
                                    cq:styleClasses="breadcrumb__v1"
                                    cq:styleId="1659939406775"
                                    cq:styleLabel="Variant 1"
                                    jcr:primaryType="nt:unstructured"/>
                            </cq:styles>
                        </item0>
                    </cq:styleGroups>
                </policy_1659939383187>
            </breadcrumb>
            <rideDetailCarousel jcr:primaryType="nt:unstructured">
                <policy_1668091758680
                    jcr:primaryType="nt:unstructured"
                    jcr:title="Ride Detail Carousal Policy"
                    sling:resourceType="wcm/core/components/policy/policy"
                    allowedTypes="[h1,h2,h3,h4,h5,h6]"
                    linkDisabled="false"
                    type="h1">
                    <jcr:content jcr:primaryType="nt:unstructured"/>
                </policy_1668091758680>
            </rideDetailCarousel>
            <tourSearchForm jcr:primaryType="nt:unstructured">
                <policy_1681736663602
                    jcr:lastModified="{Date}2023-04-17T19:00:06.711+05:30"
                    jcr:lastModifiedBy="admin"
                    jcr:primaryType="nt:unstructured"
                    jcr:title="searchFormPolicy"
                    sling:resourceType="wcm/core/components/policy/policy"
                    autopauseDisabled="false"
                    autoplay="false"
                    controlsPrepended="false"
                    delay="5000">
                    <jcr:content jcr:primaryType="nt:unstructured"/>
                    <cq:styleGroups jcr:primaryType="nt:unstructured">
                        <item0
                            cq:styleGroupLabel="font color"
                            jcr:primaryType="nt:unstructured">
                            <cq:styles jcr:primaryType="nt:unstructured">
                                <item0
                                    cq:styleClasses="text-primary"
                                    cq:styleId="1681737577482"
                                    cq:styleLabel="primary color"
                                    jcr:primaryType="nt:unstructured"/>
                                <item1
                                    cq:styleClasses="text-secondary"
                                    cq:styleId="1681737751863"
                                    cq:styleLabel="secondary color"
                                    jcr:primaryType="nt:unstructured"/>
                                <item2
                                    cq:styleClasses="text-black"
                                    cq:styleId="1681738082042"
                                    cq:styleLabel="black color"
                                    jcr:primaryType="nt:unstructured"/>
                                <item3
                                    cq:styleClasses="text-white"
                                    cq:styleId="1681738110137"
                                    cq:styleLabel="white color"
                                    jcr:primaryType="nt:unstructured"/>
                                <item4
                                    cq:styleClasses="text-neutral-yellow"
                                    cq:styleId="1681738126822"
                                    cq:styleLabel="yellow color"
                                    jcr:primaryType="nt:unstructured"/>
                                <item5
                                    cq:styleClasses="text-neutrak-light-grey"
                                    cq:styleId="1681738172176"
                                    cq:styleLabel="grey color"
                                    jcr:primaryType="nt:unstructured"/>
                            </cq:styles>
                        </item0>
                    </cq:styleGroups>
                </policy_1681736663602>
            </tourSearchForm>
        </components>
    </re-wanderlust>
</jcr:root>
